,feature_idx,cv_scores,avg_score,feature_names,ci_bound,std_dev,std_err
4,"(4, 6, 29, 35)",[0.60362103 0.61613396 0.60276293 0.58972224 0.59700133],0.6018482979848555,"('SEASON', 'ARENACAPACITY_homeTeam', 'HIST_REB_homeTeam', 'HIST_REB_awayTeam')",0.011184151455014233,0.008701649794385001,0.0043508248971925005
5,"(2, 4, 6, 29, 35)",[0.60362103 0.61613396 0.60276293 0.58972224 0.59700133],0.6018482979848555,"('HOME_TEAM_ID', 'SEASON', 'ARENACAPACITY_homeTeam', 'HIST_REB_homeTeam', 'HIST_REB_awayTeam')",0.011184151455014233,0.008701649794385001,0.0043508248971925005
6,"(2, 3, 4, 6, 29, 35)",[0.60362103 0.61613396 0.60276293 0.58972224 0.59700133],0.6018482979848555,"('HOME_TEAM_ID', 'VISITOR_TEAM_ID', 'SEASON', 'ARENACAPACITY_homeTeam', 'HIST_REB_homeTeam', 'HIST_REB_awayTeam')",0.011184151455014233,0.008701649794385001,0.0043508248971925005
9,"(2, 3, 4, 5, 6, 11, 27, 29, 35)",[0.60243699 0.61699429 0.6050328  0.59071528 0.59399089],0.6018340492632631,"('HOME_TEAM_ID', 'VISITOR_TEAM_ID', 'SEASON', 'TEAM_ID_away', 'ARENACAPACITY_homeTeam', 'CONFERENCE_awayTeam', 'HIST_FG3percent_homeTeam', 'HIST_REB_homeTeam', 'HIST_REB_awayTeam')",0.011857750666555499,0.009225732865343244,0.004612866432671622
7,"(2, 3, 4, 5, 6, 29, 35)",[0.60362103 0.61214252 0.60276293 0.58972224 0.60060277],0.6017702981958941,"('HOME_TEAM_ID', 'VISITOR_TEAM_ID', 'SEASON', 'TEAM_ID_away', 'ARENACAPACITY_homeTeam', 'HIST_REB_homeTeam', 'HIST_REB_awayTeam')",0.00924181167287737,0.007190443456216225,0.0035952217281081124
8,"(2, 3, 4, 5, 6, 11, 29, 35)",[0.59849691 0.61643274 0.60741035 0.58957559 0.59523553],0.6014302237584123,"('HOME_TEAM_ID', 'VISITOR_TEAM_ID', 'SEASON', 'TEAM_ID_away', 'ARENACAPACITY_homeTeam', 'CONFERENCE_awayTeam', 'HIST_REB_homeTeam', 'HIST_REB_awayTeam')",0.012170941671702866,0.009469406107475709,0.004734703053737853
14,"(2, 3, 4, 5, 6, 8, 11, 24, 27, 28, 29, 32, 35, 47)",[0.60353567 0.62862554 0.60500309 0.58310917 0.5864189 ],0.6013384709973251,"('HOME_TEAM_ID', 'VISITOR_TEAM_ID', 'SEASON', 'TEAM_ID_away', 'ARENACAPACITY_homeTeam', 'CONFERENCE_homeTeam', 'CONFERENCE_awayTeam', 'HIST_PPG_homeTeam', 'HIST_FG3percent_homeTeam', 'HIST_APG_homeTeam', 'HIST_REB_homeTeam', 'HIST_FTpercent_awayTeam', 'HIST_REB_awayTeam', 'REB19_homeTeam')",0.02086563991977833,0.01623417673195481,0.008117088365977404
12,"(2, 3, 4, 5, 6, 8, 11, 27, 29, 32, 35, 47)",[0.60043638 0.62001829 0.60037381 0.58821303 0.5919671 ],0.6002017213384898,"('HOME_TEAM_ID', 'VISITOR_TEAM_ID', 'SEASON', 'TEAM_ID_away', 'ARENACAPACITY_homeTeam', 'CONFERENCE_homeTeam', 'CONFERENCE_awayTeam', 'HIST_FG3percent_homeTeam', 'HIST_REB_homeTeam', 'HIST_FTpercent_awayTeam', 'HIST_REB_awayTeam', 'REB19_homeTeam')",0.01413023595582364,0.010993803624188123,0.005496901812094061
13,"(2, 3, 4, 5, 6, 8, 11, 24, 27, 29, 32, 35, 47)",[0.60007278 0.62255173 0.60199388 0.58670621 0.5894036 ],0.6001456385431032,"('HOME_TEAM_ID', 'VISITOR_TEAM_ID', 'SEASON', 'TEAM_ID_away', 'ARENACAPACITY_homeTeam', 'CONFERENCE_homeTeam', 'CONFERENCE_awayTeam', 'HIST_PPG_homeTeam', 'HIST_FG3percent_homeTeam', 'HIST_REB_homeTeam', 'HIST_FTpercent_awayTeam', 'HIST_REB_awayTeam', 'REB19_homeTeam')",0.016272652441937728,0.012660676435314405,0.006330338217657203
10,"(2, 3, 4, 5, 6, 11, 27, 29, 35, 47)",[0.6039591  0.61648878 0.60187323 0.5815389  0.59542727],0.5998574576612178,"('HOME_TEAM_ID', 'VISITOR_TEAM_ID', 'SEASON', 'TEAM_ID_away', 'ARENACAPACITY_homeTeam', 'CONFERENCE_awayTeam', 'HIST_FG3percent_homeTeam', 'HIST_REB_homeTeam', 'HIST_REB_awayTeam', 'REB19_homeTeam')",0.014684794327070204,0.011425268877188489,0.0057126344385942445
11,"(2, 3, 4, 5, 6, 11, 27, 29, 32, 35, 47)",[0.59505327 0.62315956 0.59805917 0.59198167 0.58985413],0.5996215578745513,"('HOME_TEAM_ID', 'VISITOR_TEAM_ID', 'SEASON', 'TEAM_ID_away', 'ARENACAPACITY_homeTeam', 'CONFERENCE_awayTeam', 'HIST_FG3percent_homeTeam', 'HIST_REB_homeTeam', 'HIST_FTpercent_awayTeam', 'HIST_REB_awayTeam', 'REB19_homeTeam')",0.015542120286852364,0.01209229760007964,0.00604614880003982
16,"(2, 3, 4, 5, 6, 8, 11, 24, 27, 28, 29, 32, 33, 35, 46, 47)",[0.60286511 0.62058363 0.60351533 0.58353535 0.58685446],0.599470777271543,"('HOME_TEAM_ID', 'VISITOR_TEAM_ID', 'SEASON', 'TEAM_ID_away', 'ARENACAPACITY_homeTeam', 'CONFERENCE_homeTeam', 'CONFERENCE_awayTeam', 'HIST_PPG_homeTeam', 'HIST_FG3percent_homeTeam', 'HIST_APG_homeTeam', 'HIST_REB_homeTeam', 'HIST_FTpercent_awayTeam', 'HIST_FG3percent_awayTeam', 'HIST_REB_awayTeam', 'APG19_homeTeam', 'REB19_homeTeam')",0.017116502268170852,0.01331722026847586,0.0066586101342379295
3,"(4, 6, 35)",[0.60116059 0.61915406 0.60594563 0.58551754 0.58504546],0.5993646571157825,"('SEASON', 'ARENACAPACITY_homeTeam', 'HIST_REB_awayTeam')",0.016608993652302725,0.012922361323594743,0.006461180661797372
19,"(2, 3, 4, 5, 6, 8, 11, 24, 25, 27, 28, 29, 32, 33, 35, 43, 45, 46, 47)",[0.59880426 0.62188486 0.5988703  0.59104729 0.5852808 ],0.5991775028987121,"('HOME_TEAM_ID', 'VISITOR_TEAM_ID', 'SEASON', 'TEAM_ID_away', 'ARENACAPACITY_homeTeam', 'CONFERENCE_homeTeam', 'CONFERENCE_awayTeam', 'HIST_PPG_homeTeam', 'HIST_FGpercent_homeTeam', 'HIST_FG3percent_homeTeam', 'HIST_APG_homeTeam', 'HIST_REB_homeTeam', 'HIST_FTpercent_awayTeam', 'HIST_FG3percent_awayTeam', 'HIST_REB_awayTeam', 'FGper19_homeTeam', 'FG3per19_homeTeam', 'APG19_homeTeam', 'REB19_homeTeam')",0.01600253067288316,0.012450512522065648,0.006225256261032823
15,"(2, 3, 4, 5, 6, 8, 11, 24, 27, 28, 29, 32, 33, 35, 47)",[0.60274823 0.6215433  0.60141168 0.58111231 0.58852848],0.5990687994006547,"('HOME_TEAM_ID', 'VISITOR_TEAM_ID', 'SEASON', 'TEAM_ID_away', 'ARENACAPACITY_homeTeam', 'CONFERENCE_homeTeam', 'CONFERENCE_awayTeam', 'HIST_PPG_homeTeam', 'HIST_FG3percent_homeTeam', 'HIST_APG_homeTeam', 'HIST_REB_homeTeam', 'HIST_FTpercent_awayTeam', 'HIST_FG3percent_awayTeam', 'HIST_REB_awayTeam', 'REB19_homeTeam')",0.017787831716722213,0.013839537386716647,0.006919768693358323
17,"(2, 3, 4, 5, 6, 8, 11, 24, 27, 28, 29, 32, 33, 35, 43, 46, 47)",[0.60066116 0.6224154  0.60154808 0.58237272 0.58695901],0.5987912742550533,"('HOME_TEAM_ID', 'VISITOR_TEAM_ID', 'SEASON', 'TEAM_ID_away', 'ARENACAPACITY_homeTeam', 'CONFERENCE_homeTeam', 'CONFERENCE_awayTeam', 'HIST_PPG_homeTeam', 'HIST_FG3percent_homeTeam', 'HIST_APG_homeTeam', 'HIST_REB_homeTeam', 'HIST_FTpercent_awayTeam', 'HIST_FG3percent_awayTeam', 'HIST_REB_awayTeam', 'FGper19_homeTeam', 'APG19_homeTeam', 'REB19_homeTeam')",0.017982751692934625,0.01399119175028214,0.006995595875141069
18,"(2, 3, 4, 5, 6, 8, 11, 24, 25, 27, 28, 29, 32, 33, 35, 43, 46, 47)",[0.59790474 0.62371054 0.60668896 0.58076993 0.58359242],0.5985333172781241,"('HOME_TEAM_ID', 'VISITOR_TEAM_ID', 'SEASON', 'TEAM_ID_away', 'ARENACAPACITY_homeTeam', 'CONFERENCE_homeTeam', 'CONFERENCE_awayTeam', 'HIST_PPG_homeTeam', 'HIST_FGpercent_homeTeam', 'HIST_FG3percent_homeTeam', 'HIST_APG_homeTeam', 'HIST_REB_homeTeam', 'HIST_FTpercent_awayTeam', 'HIST_FG3percent_awayTeam', 'HIST_REB_awayTeam', 'FGper19_homeTeam', 'APG19_homeTeam', 'REB19_homeTeam')",0.020237278079324246,0.015745289872564572,0.007872644936282286
20,"(2, 3, 4, 5, 6, 8, 10, 11, 24, 25, 27, 28, 29, 32, 33, 35, 43, 45, 46, 47)",[0.60227922 0.62317771 0.5998627  0.58400643 0.58272767],0.5984107464163653,"('HOME_TEAM_ID', 'VISITOR_TEAM_ID', 'SEASON', 'TEAM_ID_away', 'ARENACAPACITY_homeTeam', 'CONFERENCE_homeTeam', 'YEARFOUNDED_awayTeam', 'CONFERENCE_awayTeam', 'HIST_PPG_homeTeam', 'HIST_FGpercent_homeTeam', 'HIST_FG3percent_homeTeam', 'HIST_APG_homeTeam', 'HIST_REB_homeTeam', 'HIST_FTpercent_awayTeam', 'HIST_FG3percent_awayTeam', 'HIST_REB_awayTeam', 'FGper19_homeTeam', 'FG3per19_homeTeam', 'APG19_homeTeam', 'REB19_homeTeam')",0.018924079579120165,0.014723576825736651,0.007361788412868325
22,"(2, 3, 4, 5, 6, 8, 10, 11, 24, 25, 27, 28, 29, 32, 33, 35, 42, 43, 45, 46, 47, 50)",[0.59274192 0.6262746  0.60626669 0.58121168 0.58315665],0.5979303089824884,"('HOME_TEAM_ID', 'VISITOR_TEAM_ID', 'SEASON', 'TEAM_ID_away', 'ARENACAPACITY_homeTeam', 'CONFERENCE_homeTeam', 'YEARFOUNDED_awayTeam', 'CONFERENCE_awayTeam', 'HIST_PPG_homeTeam', 'HIST_FGpercent_homeTeam', 'HIST_FG3percent_homeTeam', 'HIST_APG_homeTeam', 'HIST_REB_homeTeam', 'HIST_FTpercent_awayTeam', 'HIST_FG3percent_awayTeam', 'HIST_REB_awayTeam', 'PPG19_homeTeam', 'FGper19_homeTeam', 'FG3per19_homeTeam', 'APG19_homeTeam', 'REB19_homeTeam', 'FTper19_awayTeam')",0.021488487922375482,0.01671877363816916,0.00835938681908458
23,"(2, 3, 4, 5, 6, 8, 10, 11, 21, 24, 25, 27, 28, 29, 32, 33, 35, 42, 43, 45, 46, 47, 50)",[0.6000645  0.61854912 0.60039225 0.58105485 0.58513635],0.5970394152417022,"('HOME_TEAM_ID', 'VISITOR_TEAM_ID', 'SEASON', 'TEAM_ID_away', 'ARENACAPACITY_homeTeam', 'CONFERENCE_homeTeam', 'YEARFOUNDED_awayTeam', 'CONFERENCE_awayTeam', 'WEEKEND_GAME', 'HIST_PPG_homeTeam', 'HIST_FGpercent_homeTeam', 'HIST_FG3percent_homeTeam', 'HIST_APG_homeTeam', 'HIST_REB_homeTeam', 'HIST_FTpercent_awayTeam', 'HIST_FG3percent_awayTeam', 'HIST_REB_awayTeam', 'PPG19_homeTeam', 'FGper19_homeTeam', 'FG3per19_homeTeam', 'APG19_homeTeam', 'REB19_homeTeam', 'FTper19_awayTeam')",0.017053727948338544,0.013268379714996358,0.006634189857498179
21,"(2, 3, 4, 5, 6, 8, 10, 11, 24, 25, 27, 28, 29, 32, 33, 35, 43, 45, 46, 47, 50)",[0.59931626 0.61756333 0.60158188 0.58070029 0.58526923],0.5968861984392092,"('HOME_TEAM_ID', 'VISITOR_TEAM_ID', 'SEASON', 'TEAM_ID_away', 'ARENACAPACITY_homeTeam', 'CONFERENCE_homeTeam', 'YEARFOUNDED_awayTeam', 'CONFERENCE_awayTeam', 'HIST_PPG_homeTeam', 'HIST_FGpercent_homeTeam', 'HIST_FG3percent_homeTeam', 'HIST_APG_homeTeam', 'HIST_REB_homeTeam', 'HIST_FTpercent_awayTeam', 'HIST_FG3percent_awayTeam', 'HIST_REB_awayTeam', 'FGper19_homeTeam', 'FG3per19_homeTeam', 'APG19_homeTeam', 'REB19_homeTeam', 'FTper19_awayTeam')",0.016782137789462092,0.013057073344580143,0.006528536672290071
24,"(2, 3, 4, 5, 6, 8, 10, 11, 21, 24, 25, 27, 28, 29, 30, 32, 33, 35, 42, 43, 45, 46, 47, 50)",[0.59607815 0.61933736 0.60108114 0.57962705 0.58290555],0.5958058499953954,"('HOME_TEAM_ID', 'VISITOR_TEAM_ID', 'SEASON', 'TEAM_ID_away', 'ARENACAPACITY_homeTeam', 'CONFERENCE_homeTeam', 'YEARFOUNDED_awayTeam', 'CONFERENCE_awayTeam', 'WEEKEND_GAME', 'HIST_PPG_homeTeam', 'HIST_FGpercent_homeTeam', 'HIST_FG3percent_homeTeam', 'HIST_APG_homeTeam', 'HIST_REB_homeTeam', 'HIST_PPG_awayTeam', 'HIST_FTpercent_awayTeam', 'HIST_FG3percent_awayTeam', 'HIST_REB_awayTeam', 'PPG19_homeTeam', 'FGper19_homeTeam', 'FG3per19_homeTeam', 'APG19_homeTeam', 'REB19_homeTeam', 'FTper19_awayTeam')",0.018265662113574967,0.014211305668937156,0.007105652834468578
25,"(2, 3, 4, 5, 6, 8, 10, 11, 21, 24, 25, 27, 28, 29, 30, 32, 33, 35, 42, 43, 45, 46, 47, 50, 53)",[0.59227251 0.62326068 0.59691272 0.57878984 0.58152414],0.5945519757100473,"('HOME_TEAM_ID', 'VISITOR_TEAM_ID', 'SEASON', 'TEAM_ID_away', 'ARENACAPACITY_homeTeam', 'CONFERENCE_homeTeam', 'YEARFOUNDED_awayTeam', 'CONFERENCE_awayTeam', 'WEEKEND_GAME', 'HIST_PPG_homeTeam', 'HIST_FGpercent_homeTeam', 'HIST_FG3percent_homeTeam', 'HIST_APG_homeTeam', 'HIST_REB_homeTeam', 'HIST_PPG_awayTeam', 'HIST_FTpercent_awayTeam', 'HIST_FG3percent_awayTeam', 'HIST_REB_awayTeam', 'PPG19_homeTeam', 'FGper19_homeTeam', 'FG3per19_homeTeam', 'APG19_homeTeam', 'REB19_homeTeam', 'FTper19_awayTeam', 'REB19_awayTeam')",0.02034764739680076,0.01583116095116977,0.007915580475584882
33,"(2, 3, 4, 5, 6, 7, 8, 9, 10, 11, 21, 23, 24, 25, 26, 27, 28, 29, 30, 31, 32, 33, 35, 42, 43, 45, 46, 47, 48, 49, 50, 51, 53)",[0.59028158 0.61741883 0.60051978 0.57433772 0.58780261],0.5940721034916641,"('HOME_TEAM_ID', 'VISITOR_TEAM_ID', 'SEASON', 'TEAM_ID_away', 'ARENACAPACITY_homeTeam', 'YEARFOUNDED_homeTeam', 'CONFERENCE_homeTeam', 'ARENACAPACITY_awayTeam', 'YEARFOUNDED_awayTeam', 'CONFERENCE_awayTeam', 'WEEKEND_GAME', 'PLAYOFF_GAME', 'HIST_PPG_homeTeam', 'HIST_FGpercent_homeTeam', 'HIST_FTpercent_homeTeam', 'HIST_FG3percent_homeTeam', 'HIST_APG_homeTeam', 'HIST_REB_homeTeam', 'HIST_PPG_awayTeam', 'HIST_FGpercent_awayTeam', 'HIST_FTpercent_awayTeam', 'HIST_FG3percent_awayTeam', 'HIST_REB_awayTeam', 'PPG19_homeTeam', 'FGper19_homeTeam', 'FG3per19_homeTeam', 'APG19_homeTeam', 'REB19_homeTeam', 'PPG19_awayTeam', 'FGper19_awayTeam', 'FTper19_awayTeam', 'FG3per19_awayTeam', 'REB19_awayTeam')",0.01844526758469649,0.014351044827257868,0.007175522413628933
26,"(2, 3, 4, 5, 6, 8, 10, 11, 21, 23, 24, 25, 27, 28, 29, 30, 32, 33, 35, 42, 43, 45, 46, 47, 50, 53)",[0.59499583 0.61692538 0.59920692 0.5760292  0.58084854],0.5936011742742832,"('HOME_TEAM_ID', 'VISITOR_TEAM_ID', 'SEASON', 'TEAM_ID_away', 'ARENACAPACITY_homeTeam', 'CONFERENCE_homeTeam', 'YEARFOUNDED_awayTeam', 'CONFERENCE_awayTeam', 'WEEKEND_GAME', 'PLAYOFF_GAME', 'HIST_PPG_homeTeam', 'HIST_FGpercent_homeTeam', 'HIST_FG3percent_homeTeam', 'HIST_APG_homeTeam', 'HIST_REB_homeTeam', 'HIST_PPG_awayTeam', 'HIST_FTpercent_awayTeam', 'HIST_FG3percent_awayTeam', 'HIST_REB_awayTeam', 'PPG19_homeTeam', 'FGper19_homeTeam', 'FG3per19_homeTeam', 'APG19_homeTeam', 'REB19_homeTeam', 'FTper19_awayTeam', 'REB19_awayTeam')",0.01861491690195428,0.014483037759629322,0.007241518879814661
28,"(2, 3, 4, 5, 6, 8, 10, 11, 21, 23, 24, 25, 27, 28, 29, 30, 32, 33, 35, 42, 43, 45, 46, 47, 48, 50, 51, 53)",[0.59385985 0.60957936 0.59957823 0.57417641 0.58886727],0.5932122251811267,"('HOME_TEAM_ID', 'VISITOR_TEAM_ID', 'SEASON', 'TEAM_ID_away', 'ARENACAPACITY_homeTeam', 'CONFERENCE_homeTeam', 'YEARFOUNDED_awayTeam', 'CONFERENCE_awayTeam', 'WEEKEND_GAME', 'PLAYOFF_GAME', 'HIST_PPG_homeTeam', 'HIST_FGpercent_homeTeam', 'HIST_FG3percent_homeTeam', 'HIST_APG_homeTeam', 'HIST_REB_homeTeam', 'HIST_PPG_awayTeam', 'HIST_FTpercent_awayTeam', 'HIST_FG3percent_awayTeam', 'HIST_REB_awayTeam', 'PPG19_homeTeam', 'FGper19_homeTeam', 'FG3per19_homeTeam', 'APG19_homeTeam', 'REB19_homeTeam', 'PPG19_awayTeam', 'FTper19_awayTeam', 'FG3per19_awayTeam', 'REB19_awayTeam')",0.01509951103819009,0.011747932567729488,0.005873966283864744
27,"(2, 3, 4, 5, 6, 8, 10, 11, 21, 23, 24, 25, 27, 28, 29, 30, 32, 33, 35, 42, 43, 45, 46, 47, 50, 51, 53)",[0.59950045 0.60604228 0.59999581 0.57983056 0.57930601],0.5929350236930444,"('HOME_TEAM_ID', 'VISITOR_TEAM_ID', 'SEASON', 'TEAM_ID_away', 'ARENACAPACITY_homeTeam', 'CONFERENCE_homeTeam', 'YEARFOUNDED_awayTeam', 'CONFERENCE_awayTeam', 'WEEKEND_GAME', 'PLAYOFF_GAME', 'HIST_PPG_homeTeam', 'HIST_FGpercent_homeTeam', 'HIST_FG3percent_homeTeam', 'HIST_APG_homeTeam', 'HIST_REB_homeTeam', 'HIST_PPG_awayTeam', 'HIST_FTpercent_awayTeam', 'HIST_FG3percent_awayTeam', 'HIST_REB_awayTeam', 'PPG19_homeTeam', 'FGper19_homeTeam', 'FG3per19_homeTeam', 'APG19_homeTeam', 'REB19_homeTeam', 'FTper19_awayTeam', 'FG3per19_awayTeam', 'REB19_awayTeam')",0.014338186925242316,0.011155596543173758,0.005577798271586878
32,"(2, 3, 4, 5, 6, 8, 9, 10, 11, 21, 23, 24, 25, 26, 27, 28, 29, 30, 31, 32, 33, 35, 42, 43, 45, 46, 47, 48, 49, 50, 51, 53)",[0.59537798 0.61632354 0.59209519 0.57532188 0.58547474],0.5929186658352509,"('HOME_TEAM_ID', 'VISITOR_TEAM_ID', 'SEASON', 'TEAM_ID_away', 'ARENACAPACITY_homeTeam', 'CONFERENCE_homeTeam', 'ARENACAPACITY_awayTeam', 'YEARFOUNDED_awayTeam', 'CONFERENCE_awayTeam', 'WEEKEND_GAME', 'PLAYOFF_GAME', 'HIST_PPG_homeTeam', 'HIST_FGpercent_homeTeam', 'HIST_FTpercent_homeTeam', 'HIST_FG3percent_homeTeam', 'HIST_APG_homeTeam', 'HIST_REB_homeTeam', 'HIST_PPG_awayTeam', 'HIST_FGpercent_awayTeam', 'HIST_FTpercent_awayTeam', 'HIST_FG3percent_awayTeam', 'HIST_REB_awayTeam', 'PPG19_homeTeam', 'FGper19_homeTeam', 'FG3per19_homeTeam', 'APG19_homeTeam', 'REB19_homeTeam', 'PPG19_awayTeam', 'FGper19_awayTeam', 'FTper19_awayTeam', 'FG3per19_awayTeam', 'REB19_awayTeam')",0.017430487854015894,0.01356151172138563,0.006780755860692814
30,"(2, 3, 4, 5, 6, 8, 10, 11, 21, 23, 24, 25, 26, 27, 28, 29, 30, 31, 32, 33, 35, 42, 43, 45, 46, 47, 48, 50, 51, 53)",[0.59331724 0.6084753  0.60156563 0.57829561 0.58178472],0.5926876982656287,"('HOME_TEAM_ID', 'VISITOR_TEAM_ID', 'SEASON', 'TEAM_ID_away', 'ARENACAPACITY_homeTeam', 'CONFERENCE_homeTeam', 'YEARFOUNDED_awayTeam', 'CONFERENCE_awayTeam', 'WEEKEND_GAME', 'PLAYOFF_GAME', 'HIST_PPG_homeTeam', 'HIST_FGpercent_homeTeam', 'HIST_FTpercent_homeTeam', 'HIST_FG3percent_homeTeam', 'HIST_APG_homeTeam', 'HIST_REB_homeTeam', 'HIST_PPG_awayTeam', 'HIST_FGpercent_awayTeam', 'HIST_FTpercent_awayTeam', 'HIST_FG3percent_awayTeam', 'HIST_REB_awayTeam', 'PPG19_homeTeam', 'FGper19_homeTeam', 'FG3per19_homeTeam', 'APG19_homeTeam', 'REB19_homeTeam', 'PPG19_awayTeam', 'FTper19_awayTeam', 'FG3per19_awayTeam', 'REB19_awayTeam')",0.014704866628907924,0.0114408858099403,0.00572044290497015
31,"(2, 3, 4, 5, 6, 8, 10, 11, 21, 23, 24, 25, 26, 27, 28, 29, 30, 31, 32, 33, 35, 42, 43, 45, 46, 47, 48, 49, 50, 51, 53)",[0.5974449  0.61328768 0.59738344 0.57027808 0.58487277],0.5926533739414888,"('HOME_TEAM_ID', 'VISITOR_TEAM_ID', 'SEASON', 'TEAM_ID_away', 'ARENACAPACITY_homeTeam', 'CONFERENCE_homeTeam', 'YEARFOUNDED_awayTeam', 'CONFERENCE_awayTeam', 'WEEKEND_GAME', 'PLAYOFF_GAME', 'HIST_PPG_homeTeam', 'HIST_FGpercent_homeTeam', 'HIST_FTpercent_homeTeam', 'HIST_FG3percent_homeTeam', 'HIST_APG_homeTeam', 'HIST_REB_homeTeam', 'HIST_PPG_awayTeam', 'HIST_FGpercent_awayTeam', 'HIST_FTpercent_awayTeam', 'HIST_FG3percent_awayTeam', 'HIST_REB_awayTeam', 'PPG19_homeTeam', 'FGper19_homeTeam', 'FG3per19_homeTeam', 'APG19_homeTeam', 'REB19_homeTeam', 'PPG19_awayTeam', 'FGper19_awayTeam', 'FTper19_awayTeam', 'FG3per19_awayTeam', 'REB19_awayTeam')",0.01846796489355589,0.01436870410465266,0.00718435205232633
29,"(2, 3, 4, 5, 6, 8, 10, 11, 21, 23, 24, 25, 27, 28, 29, 30, 31, 32, 33, 35, 42, 43, 45, 46, 47, 48, 50, 51, 53)",[0.5934764  0.61335579 0.59779703 0.57451301 0.5819184 ],0.5922121263166786,"('HOME_TEAM_ID', 'VISITOR_TEAM_ID', 'SEASON', 'TEAM_ID_away', 'ARENACAPACITY_homeTeam', 'CONFERENCE_homeTeam', 'YEARFOUNDED_awayTeam', 'CONFERENCE_awayTeam', 'WEEKEND_GAME', 'PLAYOFF_GAME', 'HIST_PPG_homeTeam', 'HIST_FGpercent_homeTeam', 'HIST_FG3percent_homeTeam', 'HIST_APG_homeTeam', 'HIST_REB_homeTeam', 'HIST_PPG_awayTeam', 'HIST_FGpercent_awayTeam', 'HIST_FTpercent_awayTeam', 'HIST_FG3percent_awayTeam', 'HIST_REB_awayTeam', 'PPG19_homeTeam', 'FGper19_homeTeam', 'FG3per19_homeTeam', 'APG19_homeTeam', 'REB19_homeTeam', 'PPG19_awayTeam', 'FTper19_awayTeam', 'FG3per19_awayTeam', 'REB19_awayTeam')",0.017235015052504517,0.01340942724095625,0.006704713620478125
34,"(2, 3, 4, 5, 6, 7, 8, 9, 10, 11, 21, 23, 24, 25, 26, 27, 28, 29, 30, 31, 32, 33, 34, 35, 42, 43, 45, 46, 47, 48, 49, 50, 51, 53)",[0.59534547 0.60915274 0.59637868 0.57616269 0.58115551],0.5916390155493303,"('HOME_TEAM_ID', 'VISITOR_TEAM_ID', 'SEASON', 'TEAM_ID_away', 'ARENACAPACITY_homeTeam', 'YEARFOUNDED_homeTeam', 'CONFERENCE_homeTeam', 'ARENACAPACITY_awayTeam', 'YEARFOUNDED_awayTeam', 'CONFERENCE_awayTeam', 'WEEKEND_GAME', 'PLAYOFF_GAME', 'HIST_PPG_homeTeam', 'HIST_FGpercent_homeTeam', 'HIST_FTpercent_homeTeam', 'HIST_FG3percent_homeTeam', 'HIST_APG_homeTeam', 'HIST_REB_homeTeam', 'HIST_PPG_awayTeam', 'HIST_FGpercent_awayTeam', 'HIST_FTpercent_awayTeam', 'HIST_FG3percent_awayTeam', 'HIST_APG_awayTeam', 'HIST_REB_awayTeam', 'PPG19_homeTeam', 'FGper19_homeTeam', 'FG3per19_homeTeam', 'APG19_homeTeam', 'REB19_homeTeam', 'PPG19_awayTeam', 'FGper19_awayTeam', 'FTper19_awayTeam', 'FG3per19_awayTeam', 'REB19_awayTeam')",0.01512447449577771,0.011767354985823358,0.005883677492911679
35,"(2, 3, 4, 5, 6, 7, 8, 9, 10, 11, 21, 23, 24, 25, 26, 27, 28, 29, 30, 31, 32, 33, 34, 35, 38, 42, 43, 45, 46, 47, 48, 49, 50, 51, 53)",[0.59333559 0.61346369 0.59915467 0.56777543 0.57824274],0.5903944238042071,"('HOME_TEAM_ID', 'VISITOR_TEAM_ID', 'SEASON', 'TEAM_ID_away', 'ARENACAPACITY_homeTeam', 'YEARFOUNDED_homeTeam', 'CONFERENCE_homeTeam', 'ARENACAPACITY_awayTeam', 'YEARFOUNDED_awayTeam', 'CONFERENCE_awayTeam', 'WEEKEND_GAME', 'PLAYOFF_GAME', 'HIST_PPG_homeTeam', 'HIST_FGpercent_homeTeam', 'HIST_FTpercent_homeTeam', 'HIST_FG3percent_homeTeam', 'HIST_APG_homeTeam', 'HIST_REB_homeTeam', 'HIST_PPG_awayTeam', 'HIST_FGpercent_awayTeam', 'HIST_FTpercent_awayTeam', 'HIST_FG3percent_awayTeam', 'HIST_APG_awayTeam', 'HIST_REB_awayTeam', 'DIFF_HIST_FT', 'PPG19_homeTeam', 'FGper19_homeTeam', 'FG3per19_homeTeam', 'APG19_homeTeam', 'REB19_homeTeam', 'PPG19_awayTeam', 'FGper19_awayTeam', 'FTper19_awayTeam', 'FG3per19_awayTeam', 'REB19_awayTeam')",0.020539462325656715,0.01598039948240327,0.007990199741201635
38,"(2, 3, 4, 5, 6, 7, 8, 9, 10, 11, 21, 23, 24, 25, 26, 27, 28, 29, 30, 31, 32, 33, 34, 35, 38, 39, 42, 43, 44, 45, 46, 47, 48, 49, 50, 51, 53, 55)",[0.5927119  0.60931379 0.59235064 0.57316581 0.58316404],0.590141237280514,"('HOME_TEAM_ID', 'VISITOR_TEAM_ID', 'SEASON', 'TEAM_ID_away', 'ARENACAPACITY_homeTeam', 'YEARFOUNDED_homeTeam', 'CONFERENCE_homeTeam', 'ARENACAPACITY_awayTeam', 'YEARFOUNDED_awayTeam', 'CONFERENCE_awayTeam', 'WEEKEND_GAME', 'PLAYOFF_GAME', 'HIST_PPG_homeTeam', 'HIST_FGpercent_homeTeam', 'HIST_FTpercent_homeTeam', 'HIST_FG3percent_homeTeam', 'HIST_APG_homeTeam', 'HIST_REB_homeTeam', 'HIST_PPG_awayTeam', 'HIST_FGpercent_awayTeam', 'HIST_FTpercent_awayTeam', 'HIST_FG3percent_awayTeam', 'HIST_APG_awayTeam', 'HIST_REB_awayTeam', 'DIFF_HIST_FT', 'DIFF_HIST_FG3', 'PPG19_homeTeam', 'FGper19_homeTeam', 'FTper19_homeTeam', 'FG3per19_homeTeam', 'APG19_homeTeam', 'REB19_homeTeam', 'PPG19_awayTeam', 'FGper19_awayTeam', 'FTper19_awayTeam', 'FG3per19_awayTeam', 'REB19_awayTeam', 'DIFF_FG19')",0.015379762388644162,0.011965977639442234,0.005982988819721117
37,"(2, 3, 4, 5, 6, 7, 8, 9, 10, 11, 21, 23, 24, 25, 26, 27, 28, 29, 30, 31, 32, 33, 34, 35, 38, 42, 43, 44, 45, 46, 47, 48, 49, 50, 51, 53, 55)",[0.58929848 0.61277857 0.60189038 0.56885466 0.57373027],0.5893104730303994,"('HOME_TEAM_ID', 'VISITOR_TEAM_ID', 'SEASON', 'TEAM_ID_away', 'ARENACAPACITY_homeTeam', 'YEARFOUNDED_homeTeam', 'CONFERENCE_homeTeam', 'ARENACAPACITY_awayTeam', 'YEARFOUNDED_awayTeam', 'CONFERENCE_awayTeam', 'WEEKEND_GAME', 'PLAYOFF_GAME', 'HIST_PPG_homeTeam', 'HIST_FGpercent_homeTeam', 'HIST_FTpercent_homeTeam', 'HIST_FG3percent_homeTeam', 'HIST_APG_homeTeam', 'HIST_REB_homeTeam', 'HIST_PPG_awayTeam', 'HIST_FGpercent_awayTeam', 'HIST_FTpercent_awayTeam', 'HIST_FG3percent_awayTeam', 'HIST_APG_awayTeam', 'HIST_REB_awayTeam', 'DIFF_HIST_FT', 'PPG19_homeTeam', 'FGper19_homeTeam', 'FTper19_homeTeam', 'FG3per19_homeTeam', 'APG19_homeTeam', 'REB19_homeTeam', 'PPG19_awayTeam', 'FGper19_awayTeam', 'FTper19_awayTeam', 'FG3per19_awayTeam', 'REB19_awayTeam', 'DIFF_FG19')",0.021276816560871204,0.01655408612774698,0.00827704306387349
36,"(2, 3, 4, 5, 6, 7, 8, 9, 10, 11, 21, 23, 24, 25, 26, 27, 28, 29, 30, 31, 32, 33, 34, 35, 38, 42, 43, 45, 46, 47, 48, 49, 50, 51, 53, 55)",[0.59015572 0.60677547 0.59746261 0.57179098 0.57989401],0.589215759086145,"('HOME_TEAM_ID', 'VISITOR_TEAM_ID', 'SEASON', 'TEAM_ID_away', 'ARENACAPACITY_homeTeam', 'YEARFOUNDED_homeTeam', 'CONFERENCE_homeTeam', 'ARENACAPACITY_awayTeam', 'YEARFOUNDED_awayTeam', 'CONFERENCE_awayTeam', 'WEEKEND_GAME', 'PLAYOFF_GAME', 'HIST_PPG_homeTeam', 'HIST_FGpercent_homeTeam', 'HIST_FTpercent_homeTeam', 'HIST_FG3percent_homeTeam', 'HIST_APG_homeTeam', 'HIST_REB_homeTeam', 'HIST_PPG_awayTeam', 'HIST_FGpercent_awayTeam', 'HIST_FTpercent_awayTeam', 'HIST_FG3percent_awayTeam', 'HIST_APG_awayTeam', 'HIST_REB_awayTeam', 'DIFF_HIST_FT', 'PPG19_homeTeam', 'FGper19_homeTeam', 'FG3per19_homeTeam', 'APG19_homeTeam', 'REB19_homeTeam', 'PPG19_awayTeam', 'FGper19_awayTeam', 'FTper19_awayTeam', 'FG3per19_awayTeam', 'REB19_awayTeam', 'DIFF_FG19')",0.015926775053555643,0.012391572076561464,0.006195786038280732
39,"(2, 3, 4, 5, 6, 7, 8, 9, 10, 11, 21, 23, 24, 25, 26, 27, 28, 29, 30, 31, 32, 33, 34, 35, 38, 39, 42, 43, 44, 45, 46, 47, 48, 49, 50, 51, 53, 55, 56)",[0.58923645 0.60099574 0.59412287 0.5664414  0.57930082],0.5860194572420971,"('HOME_TEAM_ID', 'VISITOR_TEAM_ID', 'SEASON', 'TEAM_ID_away', 'ARENACAPACITY_homeTeam', 'YEARFOUNDED_homeTeam', 'CONFERENCE_homeTeam', 'ARENACAPACITY_awayTeam', 'YEARFOUNDED_awayTeam', 'CONFERENCE_awayTeam', 'WEEKEND_GAME', 'PLAYOFF_GAME', 'HIST_PPG_homeTeam', 'HIST_FGpercent_homeTeam', 'HIST_FTpercent_homeTeam', 'HIST_FG3percent_homeTeam', 'HIST_APG_homeTeam', 'HIST_REB_homeTeam', 'HIST_PPG_awayTeam', 'HIST_FGpercent_awayTeam', 'HIST_FTpercent_awayTeam', 'HIST_FG3percent_awayTeam', 'HIST_APG_awayTeam', 'HIST_REB_awayTeam', 'DIFF_HIST_FT', 'DIFF_HIST_FG3', 'PPG19_homeTeam', 'FGper19_homeTeam', 'FTper19_homeTeam', 'FG3per19_homeTeam', 'APG19_homeTeam', 'REB19_homeTeam', 'PPG19_awayTeam', 'FGper19_awayTeam', 'FTper19_awayTeam', 'FG3per19_awayTeam', 'REB19_awayTeam', 'DIFF_FG19', 'DIFF_FT19')",0.015516860649364188,0.012072644743960931,0.006036322371980467
40,"(2, 3, 4, 5, 6, 7, 8, 9, 10, 11, 21, 23, 24, 25, 26, 27, 28, 29, 30, 31, 32, 33, 34, 35, 38, 39, 42, 43, 44, 45, 46, 47, 48, 49, 50, 51, 52, 53, 55, 56)",[0.59277074 0.59654697 0.59266732 0.56657987 0.58062477],0.5858379345014975,"('HOME_TEAM_ID', 'VISITOR_TEAM_ID', 'SEASON', 'TEAM_ID_away', 'ARENACAPACITY_homeTeam', 'YEARFOUNDED_homeTeam', 'CONFERENCE_homeTeam', 'ARENACAPACITY_awayTeam', 'YEARFOUNDED_awayTeam', 'CONFERENCE_awayTeam', 'WEEKEND_GAME', 'PLAYOFF_GAME', 'HIST_PPG_homeTeam', 'HIST_FGpercent_homeTeam', 'HIST_FTpercent_homeTeam', 'HIST_FG3percent_homeTeam', 'HIST_APG_homeTeam', 'HIST_REB_homeTeam', 'HIST_PPG_awayTeam', 'HIST_FGpercent_awayTeam', 'HIST_FTpercent_awayTeam', 'HIST_FG3percent_awayTeam', 'HIST_APG_awayTeam', 'HIST_REB_awayTeam', 'DIFF_HIST_FT', 'DIFF_HIST_FG3', 'PPG19_homeTeam', 'FGper19_homeTeam', 'FTper19_homeTeam', 'FG3per19_homeTeam', 'APG19_homeTeam', 'REB19_homeTeam', 'PPG19_awayTeam', 'FGper19_awayTeam', 'FTper19_awayTeam', 'FG3per19_awayTeam', 'APG19_awayTeam', 'REB19_awayTeam', 'DIFF_FG19', 'DIFF_FT19')",0.014166653676957696,0.0110221378484601,0.005511068924230049
41,"(2, 3, 4, 5, 6, 7, 8, 9, 10, 11, 21, 23, 24, 25, 26, 27, 28, 29, 30, 31, 32, 33, 34, 35, 38, 39, 40, 42, 43, 44, 45, 46, 47, 48, 49, 50, 51, 52, 53, 55, 56)",[0.58927454 0.59730748 0.59527281 0.56449314 0.58211693],0.5856929782542538,"('HOME_TEAM_ID', 'VISITOR_TEAM_ID', 'SEASON', 'TEAM_ID_away', 'ARENACAPACITY_homeTeam', 'YEARFOUNDED_homeTeam', 'CONFERENCE_homeTeam', 'ARENACAPACITY_awayTeam', 'YEARFOUNDED_awayTeam', 'CONFERENCE_awayTeam', 'WEEKEND_GAME', 'PLAYOFF_GAME', 'HIST_PPG_homeTeam', 'HIST_FGpercent_homeTeam', 'HIST_FTpercent_homeTeam', 'HIST_FG3percent_homeTeam', 'HIST_APG_homeTeam', 'HIST_REB_homeTeam', 'HIST_PPG_awayTeam', 'HIST_FGpercent_awayTeam', 'HIST_FTpercent_awayTeam', 'HIST_FG3percent_awayTeam', 'HIST_APG_awayTeam', 'HIST_REB_awayTeam', 'DIFF_HIST_FT', 'DIFF_HIST_FG3', 'DIFF_HIST_APG', 'PPG19_homeTeam', 'FGper19_homeTeam', 'FTper19_homeTeam', 'FG3per19_homeTeam', 'APG19_homeTeam', 'REB19_homeTeam', 'PPG19_awayTeam', 'FGper19_awayTeam', 'FTper19_awayTeam', 'FG3per19_awayTeam', 'APG19_awayTeam', 'REB19_awayTeam', 'DIFF_FG19', 'DIFF_FT19')",0.015226426902129036,0.011846677421623021,0.0059233387108115106
42,"(2, 3, 4, 5, 6, 7, 8, 9, 10, 11, 21, 23, 24, 25, 26, 27, 28, 29, 30, 31, 32, 33, 34, 35, 38, 39, 40, 41, 42, 43, 44, 45, 46, 47, 48, 49, 50, 51, 52, 53, 55, 56)",[0.59189136 0.58911199 0.58985513 0.57065408 0.58248774],0.5848000618981584,"('HOME_TEAM_ID', 'VISITOR_TEAM_ID', 'SEASON', 'TEAM_ID_away', 'ARENACAPACITY_homeTeam', 'YEARFOUNDED_homeTeam', 'CONFERENCE_homeTeam', 'ARENACAPACITY_awayTeam', 'YEARFOUNDED_awayTeam', 'CONFERENCE_awayTeam', 'WEEKEND_GAME', 'PLAYOFF_GAME', 'HIST_PPG_homeTeam', 'HIST_FGpercent_homeTeam', 'HIST_FTpercent_homeTeam', 'HIST_FG3percent_homeTeam', 'HIST_APG_homeTeam', 'HIST_REB_homeTeam', 'HIST_PPG_awayTeam', 'HIST_FGpercent_awayTeam', 'HIST_FTpercent_awayTeam', 'HIST_FG3percent_awayTeam', 'HIST_APG_awayTeam', 'HIST_REB_awayTeam', 'DIFF_HIST_FT', 'DIFF_HIST_FG3', 'DIFF_HIST_APG', 'DIFF_HIST_REB', 'PPG19_homeTeam', 'FGper19_homeTeam', 'FTper19_homeTeam', 'FG3per19_homeTeam', 'APG19_homeTeam', 'REB19_homeTeam', 'PPG19_awayTeam', 'FGper19_awayTeam', 'FTper19_awayTeam', 'FG3per19_awayTeam', 'APG19_awayTeam', 'REB19_awayTeam', 'DIFF_FG19', 'DIFF_FT19')",0.00995396907177473,0.007744526106885865,0.003872263053442932
43,"(2, 3, 4, 5, 6, 7, 8, 9, 10, 11, 21, 23, 24, 25, 26, 27, 28, 29, 30, 31, 32, 33, 34, 35, 38, 39, 40, 41, 42, 43, 44, 45, 46, 47, 48, 49, 50, 51, 52, 53, 55, 56, 58)",[0.58689867 0.59929153 0.5896262  0.56138303 0.58123203],0.5836862923071297,"('HOME_TEAM_ID', 'VISITOR_TEAM_ID', 'SEASON', 'TEAM_ID_away', 'ARENACAPACITY_homeTeam', 'YEARFOUNDED_homeTeam', 'CONFERENCE_homeTeam', 'ARENACAPACITY_awayTeam', 'YEARFOUNDED_awayTeam', 'CONFERENCE_awayTeam', 'WEEKEND_GAME', 'PLAYOFF_GAME', 'HIST_PPG_homeTeam', 'HIST_FGpercent_homeTeam', 'HIST_FTpercent_homeTeam', 'HIST_FG3percent_homeTeam', 'HIST_APG_homeTeam', 'HIST_REB_homeTeam', 'HIST_PPG_awayTeam', 'HIST_FGpercent_awayTeam', 'HIST_FTpercent_awayTeam', 'HIST_FG3percent_awayTeam', 'HIST_APG_awayTeam', 'HIST_REB_awayTeam', 'DIFF_HIST_FT', 'DIFF_HIST_FG3', 'DIFF_HIST_APG', 'DIFF_HIST_REB', 'PPG19_homeTeam', 'FGper19_homeTeam', 'FTper19_homeTeam', 'FG3per19_homeTeam', 'APG19_homeTeam', 'REB19_homeTeam', 'PPG19_awayTeam', 'FGper19_awayTeam', 'FTper19_awayTeam', 'FG3per19_awayTeam', 'APG19_awayTeam', 'REB19_awayTeam', 'DIFF_FG19', 'DIFF_FT19', 'DIFF_APG19')",0.016182257736487557,0.012590346283468928,0.006295173141734463
44,"(2, 3, 4, 5, 6, 7, 8, 9, 10, 11, 21, 23, 24, 25, 26, 27, 28, 29, 30, 31, 32, 33, 34, 35, 36, 38, 39, 40, 41, 42, 43, 44, 45, 46, 47, 48, 49, 50, 51, 52, 53, 55, 56, 58)",[0.58347328 0.59146942 0.59400491 0.56331214 0.57479733],0.5814114169483138,"('HOME_TEAM_ID', 'VISITOR_TEAM_ID', 'SEASON', 'TEAM_ID_away', 'ARENACAPACITY_homeTeam', 'YEARFOUNDED_homeTeam', 'CONFERENCE_homeTeam', 'ARENACAPACITY_awayTeam', 'YEARFOUNDED_awayTeam', 'CONFERENCE_awayTeam', 'WEEKEND_GAME', 'PLAYOFF_GAME', 'HIST_PPG_homeTeam', 'HIST_FGpercent_homeTeam', 'HIST_FTpercent_homeTeam', 'HIST_FG3percent_homeTeam', 'HIST_APG_homeTeam', 'HIST_REB_homeTeam', 'HIST_PPG_awayTeam', 'HIST_FGpercent_awayTeam', 'HIST_FTpercent_awayTeam', 'HIST_FG3percent_awayTeam', 'HIST_APG_awayTeam', 'HIST_REB_awayTeam', 'DIFF_HIST_PPG', 'DIFF_HIST_FT', 'DIFF_HIST_FG3', 'DIFF_HIST_APG', 'DIFF_HIST_REB', 'PPG19_homeTeam', 'FGper19_homeTeam', 'FTper19_homeTeam', 'FG3per19_homeTeam', 'APG19_homeTeam', 'REB19_homeTeam', 'PPG19_awayTeam', 'FGper19_awayTeam', 'FTper19_awayTeam', 'FG3per19_awayTeam', 'APG19_awayTeam', 'REB19_awayTeam', 'DIFF_FG19', 'DIFF_FT19', 'DIFF_APG19')",0.01448837639445409,0.011272449052650414,0.005636224526325207
45,"(2, 3, 4, 5, 6, 7, 8, 9, 10, 11, 12, 21, 23, 24, 25, 26, 27, 28, 29, 30, 31, 32, 33, 34, 35, 36, 38, 39, 40, 41, 42, 43, 44, 45, 46, 47, 48, 49, 50, 51, 52, 53, 55, 56, 58)",[0.57396989 0.5938764  0.5838414  0.56915425 0.57728113],0.5796246137223569,"('HOME_TEAM_ID', 'VISITOR_TEAM_ID', 'SEASON', 'TEAM_ID_away', 'ARENACAPACITY_homeTeam', 'YEARFOUNDED_homeTeam', 'CONFERENCE_homeTeam', 'ARENACAPACITY_awayTeam', 'YEARFOUNDED_awayTeam', 'CONFERENCE_awayTeam', 'G_homeTeam', 'WEEKEND_GAME', 'PLAYOFF_GAME', 'HIST_PPG_homeTeam', 'HIST_FGpercent_homeTeam', 'HIST_FTpercent_homeTeam', 'HIST_FG3percent_homeTeam', 'HIST_APG_homeTeam', 'HIST_REB_homeTeam', 'HIST_PPG_awayTeam', 'HIST_FGpercent_awayTeam', 'HIST_FTpercent_awayTeam', 'HIST_FG3percent_awayTeam', 'HIST_APG_awayTeam', 'HIST_REB_awayTeam', 'DIFF_HIST_PPG', 'DIFF_HIST_FT', 'DIFF_HIST_FG3', 'DIFF_HIST_APG', 'DIFF_HIST_REB', 'PPG19_homeTeam', 'FGper19_homeTeam', 'FTper19_homeTeam', 'FG3per19_homeTeam', 'APG19_homeTeam', 'REB19_homeTeam', 'PPG19_awayTeam', 'FGper19_awayTeam', 'FTper19_awayTeam', 'FG3per19_awayTeam', 'APG19_awayTeam', 'REB19_awayTeam', 'DIFF_FG19', 'DIFF_FT19', 'DIFF_APG19')",0.011026434316633969,0.008578940502555596,0.004289470251277797
47,"(2, 3, 4, 5, 6, 7, 8, 9, 10, 11, 12, 21, 23, 24, 25, 26, 27, 28, 29, 30, 31, 32, 33, 34, 35, 36, 38, 39, 40, 41, 42, 43, 44, 45, 46, 47, 48, 49, 50, 51, 52, 53, 54, 55, 56, 57, 58)",[0.57751126 0.59622405 0.58272835 0.56306982 0.57194551],0.5782957996739013,"('HOME_TEAM_ID', 'VISITOR_TEAM_ID', 'SEASON', 'TEAM_ID_away', 'ARENACAPACITY_homeTeam', 'YEARFOUNDED_homeTeam', 'CONFERENCE_homeTeam', 'ARENACAPACITY_awayTeam', 'YEARFOUNDED_awayTeam', 'CONFERENCE_awayTeam', 'G_homeTeam', 'WEEKEND_GAME', 'PLAYOFF_GAME', 'HIST_PPG_homeTeam', 'HIST_FGpercent_homeTeam', 'HIST_FTpercent_homeTeam', 'HIST_FG3percent_homeTeam', 'HIST_APG_homeTeam', 'HIST_REB_homeTeam', 'HIST_PPG_awayTeam', 'HIST_FGpercent_awayTeam', 'HIST_FTpercent_awayTeam', 'HIST_FG3percent_awayTeam', 'HIST_APG_awayTeam', 'HIST_REB_awayTeam', 'DIFF_HIST_PPG', 'DIFF_HIST_FT', 'DIFF_HIST_FG3', 'DIFF_HIST_APG', 'DIFF_HIST_REB', 'PPG19_homeTeam', 'FGper19_homeTeam', 'FTper19_homeTeam', 'FG3per19_homeTeam', 'APG19_homeTeam', 'REB19_homeTeam', 'PPG19_awayTeam', 'FGper19_awayTeam', 'FTper19_awayTeam', 'FG3per19_awayTeam', 'APG19_awayTeam', 'REB19_awayTeam', 'DIFF_PPG19', 'DIFF_FG19', 'DIFF_FT19', 'DIFF_FG319', 'DIFF_APG19')",0.014241137943515683,0.011080089138317555,0.0055400445691587774
46,"(2, 3, 4, 5, 6, 7, 8, 9, 10, 11, 12, 21, 23, 24, 25, 26, 27, 28, 29, 30, 31, 32, 33, 34, 35, 36, 38, 39, 40, 41, 42, 43, 44, 45, 46, 47, 48, 49, 50, 51, 52, 53, 54, 55, 56, 58)",[0.57725058 0.60260841 0.5807265  0.55506097 0.57390206],0.5779097030405742,"('HOME_TEAM_ID', 'VISITOR_TEAM_ID', 'SEASON', 'TEAM_ID_away', 'ARENACAPACITY_homeTeam', 'YEARFOUNDED_homeTeam', 'CONFERENCE_homeTeam', 'ARENACAPACITY_awayTeam', 'YEARFOUNDED_awayTeam', 'CONFERENCE_awayTeam', 'G_homeTeam', 'WEEKEND_GAME', 'PLAYOFF_GAME', 'HIST_PPG_homeTeam', 'HIST_FGpercent_homeTeam', 'HIST_FTpercent_homeTeam', 'HIST_FG3percent_homeTeam', 'HIST_APG_homeTeam', 'HIST_REB_homeTeam', 'HIST_PPG_awayTeam', 'HIST_FGpercent_awayTeam', 'HIST_FTpercent_awayTeam', 'HIST_FG3percent_awayTeam', 'HIST_APG_awayTeam', 'HIST_REB_awayTeam', 'DIFF_HIST_PPG', 'DIFF_HIST_FT', 'DIFF_HIST_FG3', 'DIFF_HIST_APG', 'DIFF_HIST_REB', 'PPG19_homeTeam', 'FGper19_homeTeam', 'FTper19_homeTeam', 'FG3per19_homeTeam', 'APG19_homeTeam', 'REB19_homeTeam', 'PPG19_awayTeam', 'FGper19_awayTeam', 'FTper19_awayTeam', 'FG3per19_awayTeam', 'APG19_awayTeam', 'REB19_awayTeam', 'DIFF_PPG19', 'DIFF_FG19', 'DIFF_FT19', 'DIFF_APG19')",0.01954759010677057,0.015208689198950586,0.007604344599475292
48,"(2, 3, 4, 5, 6, 7, 8, 9, 10, 11, 12, 21, 23, 24, 25, 26, 27, 28, 29, 30, 31, 32, 33, 34, 35, 36, 37, 38, 39, 40, 41, 42, 43, 44, 45, 46, 47, 48, 49, 50, 51, 52, 53, 54, 55, 56, 57, 58)",[0.57552562 0.58936669 0.58147332 0.56191786 0.57551463],0.5767596219687807,"('HOME_TEAM_ID', 'VISITOR_TEAM_ID', 'SEASON', 'TEAM_ID_away', 'ARENACAPACITY_homeTeam', 'YEARFOUNDED_homeTeam', 'CONFERENCE_homeTeam', 'ARENACAPACITY_awayTeam', 'YEARFOUNDED_awayTeam', 'CONFERENCE_awayTeam', 'G_homeTeam', 'WEEKEND_GAME', 'PLAYOFF_GAME', 'HIST_PPG_homeTeam', 'HIST_FGpercent_homeTeam', 'HIST_FTpercent_homeTeam', 'HIST_FG3percent_homeTeam', 'HIST_APG_homeTeam', 'HIST_REB_homeTeam', 'HIST_PPG_awayTeam', 'HIST_FGpercent_awayTeam', 'HIST_FTpercent_awayTeam', 'HIST_FG3percent_awayTeam', 'HIST_APG_awayTeam', 'HIST_REB_awayTeam', 'DIFF_HIST_PPG', 'DIFF_HIST_FG', 'DIFF_HIST_FT', 'DIFF_HIST_FG3', 'DIFF_HIST_APG', 'DIFF_HIST_REB', 'PPG19_homeTeam', 'FGper19_homeTeam', 'FTper19_homeTeam', 'FG3per19_homeTeam', 'APG19_homeTeam', 'REB19_homeTeam', 'PPG19_awayTeam', 'FGper19_awayTeam', 'FTper19_awayTeam', 'FG3per19_awayTeam', 'APG19_awayTeam', 'REB19_awayTeam', 'DIFF_PPG19', 'DIFF_FG19', 'DIFF_FT19', 'DIFF_FG319', 'DIFF_APG19')",0.011560587432210865,0.00899452977341136,0.00449726488670568
49,"(2, 3, 4, 5, 6, 7, 8, 9, 10, 11, 12, 18, 21, 23, 24, 25, 26, 27, 28, 29, 30, 31, 32, 33, 34, 35, 36, 37, 38, 39, 40, 41, 42, 43, 44, 45, 46, 47, 48, 49, 50, 51, 52, 53, 54, 55, 56, 57, 58)",[0.5695628  0.59917814 0.58168191 0.55570104 0.57233309],0.5756913953760462,"('HOME_TEAM_ID', 'VISITOR_TEAM_ID', 'SEASON', 'TEAM_ID_away', 'ARENACAPACITY_homeTeam', 'YEARFOUNDED_homeTeam', 'CONFERENCE_homeTeam', 'ARENACAPACITY_awayTeam', 'YEARFOUNDED_awayTeam', 'CONFERENCE_awayTeam', 'G_homeTeam', 'L_awayTeam', 'WEEKEND_GAME', 'PLAYOFF_GAME', 'HIST_PPG_homeTeam', 'HIST_FGpercent_homeTeam', 'HIST_FTpercent_homeTeam', 'HIST_FG3percent_homeTeam', 'HIST_APG_homeTeam', 'HIST_REB_homeTeam', 'HIST_PPG_awayTeam', 'HIST_FGpercent_awayTeam', 'HIST_FTpercent_awayTeam', 'HIST_FG3percent_awayTeam', 'HIST_APG_awayTeam', 'HIST_REB_awayTeam', 'DIFF_HIST_PPG', 'DIFF_HIST_FG', 'DIFF_HIST_FT', 'DIFF_HIST_FG3', 'DIFF_HIST_APG', 'DIFF_HIST_REB', 'PPG19_homeTeam', 'FGper19_homeTeam', 'FTper19_homeTeam', 'FG3per19_homeTeam', 'APG19_homeTeam', 'REB19_homeTeam', 'PPG19_awayTeam', 'FGper19_awayTeam', 'FTper19_awayTeam', 'FG3per19_awayTeam', 'APG19_awayTeam', 'REB19_awayTeam', 'DIFF_PPG19', 'DIFF_FG19', 'DIFF_FT19', 'DIFF_FG319', 'DIFF_APG19')",0.01850073850316861,0.014394203086358593,0.007197101543179296
2,"(4, 6)",[0.58995258 0.58759127 0.56779916 0.54959955 0.58265096],0.5755187036959837,"('SEASON', 'ARENACAPACITY_homeTeam')",0.01937634354679102,0.015075453557478016,0.007537726778739007
51,"(2, 3, 4, 5, 6, 7, 8, 9, 10, 11, 12, 17, 18, 21, 23, 24, 25, 26, 27, 28, 29, 30, 31, 32, 33, 34, 35, 36, 37, 38, 39, 40, 41, 42, 43, 44, 45, 46, 47, 48, 49, 50, 51, 52, 53, 54, 55, 56, 57, 58, 59)",[0.57439602 0.58872346 0.57516973 0.55212165 0.56505231],0.5710926335425743,"('HOME_TEAM_ID', 'VISITOR_TEAM_ID', 'SEASON', 'TEAM_ID_away', 'ARENACAPACITY_homeTeam', 'YEARFOUNDED_homeTeam', 'CONFERENCE_homeTeam', 'ARENACAPACITY_awayTeam', 'YEARFOUNDED_awayTeam', 'CONFERENCE_awayTeam', 'G_homeTeam', 'W_awayTeam', 'L_awayTeam', 'WEEKEND_GAME', 'PLAYOFF_GAME', 'HIST_PPG_homeTeam', 'HIST_FGpercent_homeTeam', 'HIST_FTpercent_homeTeam', 'HIST_FG3percent_homeTeam', 'HIST_APG_homeTeam', 'HIST_REB_homeTeam', 'HIST_PPG_awayTeam', 'HIST_FGpercent_awayTeam', 'HIST_FTpercent_awayTeam', 'HIST_FG3percent_awayTeam', 'HIST_APG_awayTeam', 'HIST_REB_awayTeam', 'DIFF_HIST_PPG', 'DIFF_HIST_FG', 'DIFF_HIST_FT', 'DIFF_HIST_FG3', 'DIFF_HIST_APG', 'DIFF_HIST_REB', 'PPG19_homeTeam', 'FGper19_homeTeam', 'FTper19_homeTeam', 'FG3per19_homeTeam', 'APG19_homeTeam', 'REB19_homeTeam', 'PPG19_awayTeam', 'FGper19_awayTeam', 'FTper19_awayTeam', 'FG3per19_awayTeam', 'APG19_awayTeam', 'REB19_awayTeam', 'DIFF_PPG19', 'DIFF_FG19', 'DIFF_FT19', 'DIFF_FG319', 'DIFF_APG19', 'DIFF_REB19')",0.015580829291904852,0.012122414521082604,0.006061207260541301
50,"(2, 3, 4, 5, 6, 7, 8, 9, 10, 11, 12, 18, 21, 23, 24, 25, 26, 27, 28, 29, 30, 31, 32, 33, 34, 35, 36, 37, 38, 39, 40, 41, 42, 43, 44, 45, 46, 47, 48, 49, 50, 51, 52, 53, 54, 55, 56, 57, 58, 59)",[0.57577393 0.57997579 0.58066847 0.54920479 0.56960149],0.5710448940866552,"('HOME_TEAM_ID', 'VISITOR_TEAM_ID', 'SEASON', 'TEAM_ID_away', 'ARENACAPACITY_homeTeam', 'YEARFOUNDED_homeTeam', 'CONFERENCE_homeTeam', 'ARENACAPACITY_awayTeam', 'YEARFOUNDED_awayTeam', 'CONFERENCE_awayTeam', 'G_homeTeam', 'L_awayTeam', 'WEEKEND_GAME', 'PLAYOFF_GAME', 'HIST_PPG_homeTeam', 'HIST_FGpercent_homeTeam', 'HIST_FTpercent_homeTeam', 'HIST_FG3percent_homeTeam', 'HIST_APG_homeTeam', 'HIST_REB_homeTeam', 'HIST_PPG_awayTeam', 'HIST_FGpercent_awayTeam', 'HIST_FTpercent_awayTeam', 'HIST_FG3percent_awayTeam', 'HIST_APG_awayTeam', 'HIST_REB_awayTeam', 'DIFF_HIST_PPG', 'DIFF_HIST_FG', 'DIFF_HIST_FT', 'DIFF_HIST_FG3', 'DIFF_HIST_APG', 'DIFF_HIST_REB', 'PPG19_homeTeam', 'FGper19_homeTeam', 'FTper19_homeTeam', 'FG3per19_homeTeam', 'APG19_homeTeam', 'REB19_homeTeam', 'PPG19_awayTeam', 'FGper19_awayTeam', 'FTper19_awayTeam', 'FG3per19_awayTeam', 'APG19_awayTeam', 'REB19_awayTeam', 'DIFF_PPG19', 'DIFF_FG19', 'DIFF_FT19', 'DIFF_FG319', 'DIFF_APG19', 'DIFF_REB19')",0.014920577028866417,0.01160871582949927,0.005804357914749635
52,"(2, 3, 4, 5, 6, 7, 8, 9, 10, 11, 12, 15, 17, 18, 21, 23, 24, 25, 26, 27, 28, 29, 30, 31, 32, 33, 34, 35, 36, 37, 38, 39, 40, 41, 42, 43, 44, 45, 46, 47, 48, 49, 50, 51, 52, 53, 54, 55, 56, 57, 58, 59)",[0.56719341 0.59304878 0.57745755 0.55537023 0.56116535],0.5708470615153971,"('HOME_TEAM_ID', 'VISITOR_TEAM_ID', 'SEASON', 'TEAM_ID_away', 'ARENACAPACITY_homeTeam', 'YEARFOUNDED_homeTeam', 'CONFERENCE_homeTeam', 'ARENACAPACITY_awayTeam', 'YEARFOUNDED_awayTeam', 'CONFERENCE_awayTeam', 'G_homeTeam', 'W_PCT_homeTeam', 'W_awayTeam', 'L_awayTeam', 'WEEKEND_GAME', 'PLAYOFF_GAME', 'HIST_PPG_homeTeam', 'HIST_FGpercent_homeTeam', 'HIST_FTpercent_homeTeam', 'HIST_FG3percent_homeTeam', 'HIST_APG_homeTeam', 'HIST_REB_homeTeam', 'HIST_PPG_awayTeam', 'HIST_FGpercent_awayTeam', 'HIST_FTpercent_awayTeam', 'HIST_FG3percent_awayTeam', 'HIST_APG_awayTeam', 'HIST_REB_awayTeam', 'DIFF_HIST_PPG', 'DIFF_HIST_FG', 'DIFF_HIST_FT', 'DIFF_HIST_FG3', 'DIFF_HIST_APG', 'DIFF_HIST_REB', 'PPG19_homeTeam', 'FGper19_homeTeam', 'FTper19_homeTeam', 'FG3per19_homeTeam', 'APG19_homeTeam', 'REB19_homeTeam', 'PPG19_awayTeam', 'FGper19_awayTeam', 'FTper19_awayTeam', 'FG3per19_awayTeam', 'APG19_awayTeam', 'REB19_awayTeam', 'DIFF_PPG19', 'DIFF_FG19', 'DIFF_FT19', 'DIFF_FG319', 'DIFF_APG19', 'DIFF_REB19')",0.017082592082507855,0.013290836991989586,0.006645418495994793
54,"(2, 3, 4, 5, 6, 7, 8, 9, 10, 11, 12, 15, 16, 17, 18, 19, 21, 23, 24, 25, 26, 27, 28, 29, 30, 31, 32, 33, 34, 35, 36, 37, 38, 39, 40, 41, 42, 43, 44, 45, 46, 47, 48, 49, 50, 51, 52, 53, 54, 55, 56, 57, 58, 59)",[0.55814008 0.58357999 0.59490498 0.5502523  0.566991  ],0.570773668924473,"('HOME_TEAM_ID', 'VISITOR_TEAM_ID', 'SEASON', 'TEAM_ID_away', 'ARENACAPACITY_homeTeam', 'YEARFOUNDED_homeTeam', 'CONFERENCE_homeTeam', 'ARENACAPACITY_awayTeam', 'YEARFOUNDED_awayTeam', 'CONFERENCE_awayTeam', 'G_homeTeam', 'W_PCT_homeTeam', 'G_awayTeam', 'W_awayTeam', 'L_awayTeam', 'W_PCT_awayTeam', 'WEEKEND_GAME', 'PLAYOFF_GAME', 'HIST_PPG_homeTeam', 'HIST_FGpercent_homeTeam', 'HIST_FTpercent_homeTeam', 'HIST_FG3percent_homeTeam', 'HIST_APG_homeTeam', 'HIST_REB_homeTeam', 'HIST_PPG_awayTeam', 'HIST_FGpercent_awayTeam', 'HIST_FTpercent_awayTeam', 'HIST_FG3percent_awayTeam', 'HIST_APG_awayTeam', 'HIST_REB_awayTeam', 'DIFF_HIST_PPG', 'DIFF_HIST_FG', 'DIFF_HIST_FT', 'DIFF_HIST_FG3', 'DIFF_HIST_APG', 'DIFF_HIST_REB', 'PPG19_homeTeam', 'FGper19_homeTeam', 'FTper19_homeTeam', 'FG3per19_homeTeam', 'APG19_homeTeam', 'REB19_homeTeam', 'PPG19_awayTeam', 'FGper19_awayTeam', 'FTper19_awayTeam', 'FG3per19_awayTeam', 'APG19_awayTeam', 'REB19_awayTeam', 'DIFF_PPG19', 'DIFF_FG19', 'DIFF_FT19', 'DIFF_FG319', 'DIFF_APG19', 'DIFF_REB19')",0.021051832980816452,0.016379041259032712,0.008189520629516356
53,"(2, 3, 4, 5, 6, 7, 8, 9, 10, 11, 12, 15, 17, 18, 19, 21, 23, 24, 25, 26, 27, 28, 29, 30, 31, 32, 33, 34, 35, 36, 37, 38, 39, 40, 41, 42, 43, 44, 45, 46, 47, 48, 49, 50, 51, 52, 53, 54, 55, 56, 57, 58, 59)",[0.57545282 0.59320814 0.58232064 0.546972   0.55504051],0.5705988220546079,"('HOME_TEAM_ID', 'VISITOR_TEAM_ID', 'SEASON', 'TEAM_ID_away', 'ARENACAPACITY_homeTeam', 'YEARFOUNDED_homeTeam', 'CONFERENCE_homeTeam', 'ARENACAPACITY_awayTeam', 'YEARFOUNDED_awayTeam', 'CONFERENCE_awayTeam', 'G_homeTeam', 'W_PCT_homeTeam', 'W_awayTeam', 'L_awayTeam', 'W_PCT_awayTeam', 'WEEKEND_GAME', 'PLAYOFF_GAME', 'HIST_PPG_homeTeam', 'HIST_FGpercent_homeTeam', 'HIST_FTpercent_homeTeam', 'HIST_FG3percent_homeTeam', 'HIST_APG_homeTeam', 'HIST_REB_homeTeam', 'HIST_PPG_awayTeam', 'HIST_FGpercent_awayTeam', 'HIST_FTpercent_awayTeam', 'HIST_FG3percent_awayTeam', 'HIST_APG_awayTeam', 'HIST_REB_awayTeam', 'DIFF_HIST_PPG', 'DIFF_HIST_FG', 'DIFF_HIST_FT', 'DIFF_HIST_FG3', 'DIFF_HIST_APG', 'DIFF_HIST_REB', 'PPG19_homeTeam', 'FGper19_homeTeam', 'FTper19_homeTeam', 'FG3per19_homeTeam', 'APG19_homeTeam', 'REB19_homeTeam', 'PPG19_awayTeam', 'FGper19_awayTeam', 'FTper19_awayTeam', 'FG3per19_awayTeam', 'APG19_awayTeam', 'REB19_awayTeam', 'DIFF_PPG19', 'DIFF_FG19', 'DIFF_FT19', 'DIFF_FG319', 'DIFF_APG19', 'DIFF_REB19')",0.022056364773073947,0.017160601120655625,0.008580300560327813
55,"(2, 3, 4, 5, 6, 7, 8, 9, 10, 11, 12, 15, 16, 17, 18, 19, 20, 21, 23, 24, 25, 26, 27, 28, 29, 30, 31, 32, 33, 34, 35, 36, 37, 38, 39, 40, 41, 42, 43, 44, 45, 46, 47, 48, 49, 50, 51, 52, 53, 54, 55, 56, 57, 58, 59)",[0.56175196 0.58074897 0.58689927 0.55031006 0.55542689],0.5670274292447923,"('HOME_TEAM_ID', 'VISITOR_TEAM_ID', 'SEASON', 'TEAM_ID_away', 'ARENACAPACITY_homeTeam', 'YEARFOUNDED_homeTeam', 'CONFERENCE_homeTeam', 'ARENACAPACITY_awayTeam', 'YEARFOUNDED_awayTeam', 'CONFERENCE_awayTeam', 'G_homeTeam', 'W_PCT_homeTeam', 'G_awayTeam', 'W_awayTeam', 'L_awayTeam', 'W_PCT_awayTeam', 'WEEKDAY', 'WEEKEND_GAME', 'PLAYOFF_GAME', 'HIST_PPG_homeTeam', 'HIST_FGpercent_homeTeam', 'HIST_FTpercent_homeTeam', 'HIST_FG3percent_homeTeam', 'HIST_APG_homeTeam', 'HIST_REB_homeTeam', 'HIST_PPG_awayTeam', 'HIST_FGpercent_awayTeam', 'HIST_FTpercent_awayTeam', 'HIST_FG3percent_awayTeam', 'HIST_APG_awayTeam', 'HIST_REB_awayTeam', 'DIFF_HIST_PPG', 'DIFF_HIST_FG', 'DIFF_HIST_FT', 'DIFF_HIST_FG3', 'DIFF_HIST_APG', 'DIFF_HIST_REB', 'PPG19_homeTeam', 'FGper19_homeTeam', 'FTper19_homeTeam', 'FG3per19_homeTeam', 'APG19_homeTeam', 'REB19_homeTeam', 'PPG19_awayTeam', 'FGper19_awayTeam', 'FTper19_awayTeam', 'FG3per19_awayTeam', 'APG19_awayTeam', 'REB19_awayTeam', 'DIFF_PPG19', 'DIFF_FG19', 'DIFF_FT19', 'DIFF_FG319', 'DIFF_APG19', 'DIFF_REB19')",0.018402959463034826,0.01431812767125914,0.007159063835629571
57,"(2, 3, 4, 5, 6, 7, 8, 9, 10, 11, 12, 13, 14, 15, 16, 17, 18, 19, 20, 21, 23, 24, 25, 26, 27, 28, 29, 30, 31, 32, 33, 34, 35, 36, 37, 38, 39, 40, 41, 42, 43, 44, 45, 46, 47, 48, 49, 50, 51, 52, 53, 54, 55, 56, 57, 58, 59)",[0.56365283 0.58071735 0.57898768 0.54316515 0.55976767],0.565258137792058,"('HOME_TEAM_ID', 'VISITOR_TEAM_ID', 'SEASON', 'TEAM_ID_away', 'ARENACAPACITY_homeTeam', 'YEARFOUNDED_homeTeam', 'CONFERENCE_homeTeam', 'ARENACAPACITY_awayTeam', 'YEARFOUNDED_awayTeam', 'CONFERENCE_awayTeam', 'G_homeTeam', 'W_homeTeam', 'L_homeTeam', 'W_PCT_homeTeam', 'G_awayTeam', 'W_awayTeam', 'L_awayTeam', 'W_PCT_awayTeam', 'WEEKDAY', 'WEEKEND_GAME', 'PLAYOFF_GAME', 'HIST_PPG_homeTeam', 'HIST_FGpercent_homeTeam', 'HIST_FTpercent_homeTeam', 'HIST_FG3percent_homeTeam', 'HIST_APG_homeTeam', 'HIST_REB_homeTeam', 'HIST_PPG_awayTeam', 'HIST_FGpercent_awayTeam', 'HIST_FTpercent_awayTeam', 'HIST_FG3percent_awayTeam', 'HIST_APG_awayTeam', 'HIST_REB_awayTeam', 'DIFF_HIST_PPG', 'DIFF_HIST_FG', 'DIFF_HIST_FT', 'DIFF_HIST_FG3', 'DIFF_HIST_APG', 'DIFF_HIST_REB', 'PPG19_homeTeam', 'FGper19_homeTeam', 'FTper19_homeTeam', 'FG3per19_homeTeam', 'APG19_homeTeam', 'REB19_homeTeam', 'PPG19_awayTeam', 'FGper19_awayTeam', 'FTper19_awayTeam', 'FG3per19_awayTeam', 'APG19_awayTeam', 'REB19_awayTeam', 'DIFF_PPG19', 'DIFF_FG19', 'DIFF_FT19', 'DIFF_FG319', 'DIFF_APG19', 'DIFF_REB19')",0.017700745134683324,0.013771781067272969,0.006885890533636484
56,"(2, 3, 4, 5, 6, 7, 8, 9, 10, 11, 12, 14, 15, 16, 17, 18, 19, 20, 21, 23, 24, 25, 26, 27, 28, 29, 30, 31, 32, 33, 34, 35, 36, 37, 38, 39, 40, 41, 42, 43, 44, 45, 46, 47, 48, 49, 50, 51, 52, 53, 54, 55, 56, 57, 58, 59)",[0.55792686 0.57927571 0.57188772 0.55298201 0.55145205],0.5627048697754269,"('HOME_TEAM_ID', 'VISITOR_TEAM_ID', 'SEASON', 'TEAM_ID_away', 'ARENACAPACITY_homeTeam', 'YEARFOUNDED_homeTeam', 'CONFERENCE_homeTeam', 'ARENACAPACITY_awayTeam', 'YEARFOUNDED_awayTeam', 'CONFERENCE_awayTeam', 'G_homeTeam', 'L_homeTeam', 'W_PCT_homeTeam', 'G_awayTeam', 'W_awayTeam', 'L_awayTeam', 'W_PCT_awayTeam', 'WEEKDAY', 'WEEKEND_GAME', 'PLAYOFF_GAME', 'HIST_PPG_homeTeam', 'HIST_FGpercent_homeTeam', 'HIST_FTpercent_homeTeam', 'HIST_FG3percent_homeTeam', 'HIST_APG_homeTeam', 'HIST_REB_homeTeam', 'HIST_PPG_awayTeam', 'HIST_FGpercent_awayTeam', 'HIST_FTpercent_awayTeam', 'HIST_FG3percent_awayTeam', 'HIST_APG_awayTeam', 'HIST_REB_awayTeam', 'DIFF_HIST_PPG', 'DIFF_HIST_FG', 'DIFF_HIST_FT', 'DIFF_HIST_FG3', 'DIFF_HIST_APG', 'DIFF_HIST_REB', 'PPG19_homeTeam', 'FGper19_homeTeam', 'FTper19_homeTeam', 'FG3per19_homeTeam', 'APG19_homeTeam', 'REB19_homeTeam', 'PPG19_awayTeam', 'FGper19_awayTeam', 'FTper19_awayTeam', 'FG3per19_awayTeam', 'APG19_awayTeam', 'REB19_awayTeam', 'DIFF_PPG19', 'DIFF_FG19', 'DIFF_FT19', 'DIFF_FG319', 'DIFF_APG19', 'DIFF_REB19')",0.01411372246697425,0.010980955568845806,0.005490477784422902
58,"(2, 3, 4, 5, 6, 7, 8, 9, 10, 11, 12, 13, 14, 15, 16, 17, 18, 19, 20, 21, 22, 23, 24, 25, 26, 27, 28, 29, 30, 31, 32, 33, 34, 35, 36, 37, 38, 39, 40, 41, 42, 43, 44, 45, 46, 47, 48, 49, 50, 51, 52, 53, 54, 55, 56, 57, 58, 59)",[0.5544919  0.58508236 0.56679559 0.51476559 0.55775496],0.5557780795622425,"('HOME_TEAM_ID', 'VISITOR_TEAM_ID', 'SEASON', 'TEAM_ID_away', 'ARENACAPACITY_homeTeam', 'YEARFOUNDED_homeTeam', 'CONFERENCE_homeTeam', 'ARENACAPACITY_awayTeam', 'YEARFOUNDED_awayTeam', 'CONFERENCE_awayTeam', 'G_homeTeam', 'W_homeTeam', 'L_homeTeam', 'W_PCT_homeTeam', 'G_awayTeam', 'W_awayTeam', 'L_awayTeam', 'W_PCT_awayTeam', 'WEEKDAY', 'WEEKEND_GAME', 'MONTH_NUM', 'PLAYOFF_GAME', 'HIST_PPG_homeTeam', 'HIST_FGpercent_homeTeam', 'HIST_FTpercent_homeTeam', 'HIST_FG3percent_homeTeam', 'HIST_APG_homeTeam', 'HIST_REB_homeTeam', 'HIST_PPG_awayTeam', 'HIST_FGpercent_awayTeam', 'HIST_FTpercent_awayTeam', 'HIST_FG3percent_awayTeam', 'HIST_APG_awayTeam', 'HIST_REB_awayTeam', 'DIFF_HIST_PPG', 'DIFF_HIST_FG', 'DIFF_HIST_FT', 'DIFF_HIST_FG3', 'DIFF_HIST_APG', 'DIFF_HIST_REB', 'PPG19_homeTeam', 'FGper19_homeTeam', 'FTper19_homeTeam', 'FG3per19_homeTeam', 'APG19_homeTeam', 'REB19_homeTeam', 'PPG19_awayTeam', 'FGper19_awayTeam', 'FTper19_awayTeam', 'FG3per19_awayTeam', 'APG19_awayTeam', 'REB19_awayTeam', 'DIFF_PPG19', 'DIFF_FG19', 'DIFF_FT19', 'DIFF_FG319', 'DIFF_APG19', 'DIFF_REB19')",0.029688346810545635,0.023098542429322483,0.01154927121466124
1,"(6,)",[0.56616244 0.54971024 0.5290993  0.54320167 0.55334145],0.5483030191979734,"('ARENACAPACITY_homeTeam',)",0.015648189050764115,0.012174822701907508,0.006087411350953754
59,"(1, 2, 3, 4, 5, 6, 7, 8, 9, 10, 11, 12, 13, 14, 15, 16, 17, 18, 19, 20, 21, 22, 23, 24, 25, 26, 27, 28, 29, 30, 31, 32, 33, 34, 35, 36, 37, 38, 39, 40, 41, 42, 43, 44, 45, 46, 47, 48, 49, 50, 51, 52, 53, 54, 55, 56, 57, 58, 59)",[0.55240354 0.57347655 0.54128481 0.49250702 0.53823378],0.5395811375396097,"('GAME_ID', 'HOME_TEAM_ID', 'VISITOR_TEAM_ID', 'SEASON', 'TEAM_ID_away', 'ARENACAPACITY_homeTeam', 'YEARFOUNDED_homeTeam', 'CONFERENCE_homeTeam', 'ARENACAPACITY_awayTeam', 'YEARFOUNDED_awayTeam', 'CONFERENCE_awayTeam', 'G_homeTeam', 'W_homeTeam', 'L_homeTeam', 'W_PCT_homeTeam', 'G_awayTeam', 'W_awayTeam', 'L_awayTeam', 'W_PCT_awayTeam', 'WEEKDAY', 'WEEKEND_GAME', 'MONTH_NUM', 'PLAYOFF_GAME', 'HIST_PPG_homeTeam', 'HIST_FGpercent_homeTeam', 'HIST_FTpercent_homeTeam', 'HIST_FG3percent_homeTeam', 'HIST_APG_homeTeam', 'HIST_REB_homeTeam', 'HIST_PPG_awayTeam', 'HIST_FGpercent_awayTeam', 'HIST_FTpercent_awayTeam', 'HIST_FG3percent_awayTeam', 'HIST_APG_awayTeam', 'HIST_REB_awayTeam', 'DIFF_HIST_PPG', 'DIFF_HIST_FG', 'DIFF_HIST_FT', 'DIFF_HIST_FG3', 'DIFF_HIST_APG', 'DIFF_HIST_REB', 'PPG19_homeTeam', 'FGper19_homeTeam', 'FTper19_homeTeam', 'FG3per19_homeTeam', 'APG19_homeTeam', 'REB19_homeTeam', 'PPG19_awayTeam', 'FGper19_awayTeam', 'FTper19_awayTeam', 'FG3per19_awayTeam', 'APG19_awayTeam', 'REB19_awayTeam', 'DIFF_PPG19', 'DIFF_FG19', 'DIFF_FT19', 'DIFF_FG319', 'DIFF_APG19', 'DIFF_REB19')",0.034170387443419305,0.026585722311349643,0.01329286115567482
60,"(0, 1, 2, 3, 4, 5, 6, 7, 8, 9, 10, 11, 12, 13, 14, 15, 16, 17, 18, 19, 20, 21, 22, 23, 24, 25, 26, 27, 28, 29, 30, 31, 32, 33, 34, 35, 36, 37, 38, 39, 40, 41, 42, 43, 44, 45, 46, 47, 48, 49, 50, 51, 52, 53, 54, 55, 56, 57, 58, 59)",[0.56075639 0.55549644 0.52514395 0.4855758  0.53727247],0.5328490103110368,"('GAME_DATE_EST', 'GAME_ID', 'HOME_TEAM_ID', 'VISITOR_TEAM_ID', 'SEASON', 'TEAM_ID_away', 'ARENACAPACITY_homeTeam', 'YEARFOUNDED_homeTeam', 'CONFERENCE_homeTeam', 'ARENACAPACITY_awayTeam', 'YEARFOUNDED_awayTeam', 'CONFERENCE_awayTeam', 'G_homeTeam', 'W_homeTeam', 'L_homeTeam', 'W_PCT_homeTeam', 'G_awayTeam', 'W_awayTeam', 'L_awayTeam', 'W_PCT_awayTeam', 'WEEKDAY', 'WEEKEND_GAME', 'MONTH_NUM', 'PLAYOFF_GAME', 'HIST_PPG_homeTeam', 'HIST_FGpercent_homeTeam', 'HIST_FTpercent_homeTeam', 'HIST_FG3percent_homeTeam', 'HIST_APG_homeTeam', 'HIST_REB_homeTeam', 'HIST_PPG_awayTeam', 'HIST_FGpercent_awayTeam', 'HIST_FTpercent_awayTeam', 'HIST_FG3percent_awayTeam', 'HIST_APG_awayTeam', 'HIST_REB_awayTeam', 'DIFF_HIST_PPG', 'DIFF_HIST_FG', 'DIFF_HIST_FT', 'DIFF_HIST_FG3', 'DIFF_HIST_APG', 'DIFF_HIST_REB', 'PPG19_homeTeam', 'FGper19_homeTeam', 'FTper19_homeTeam', 'FG3per19_homeTeam', 'APG19_homeTeam', 'REB19_homeTeam', 'PPG19_awayTeam', 'FGper19_awayTeam', 'FTper19_awayTeam', 'FG3per19_awayTeam', 'APG19_awayTeam', 'REB19_awayTeam', 'DIFF_PPG19', 'DIFF_FG19', 'DIFF_FT19', 'DIFF_FG319', 'DIFF_APG19', 'DIFF_REB19')",0.034513922134915914,0.02685300397233657,0.013426501986168283
